,V1,V2,V3,V4,V5,V6,V7,V8,V9,V10,V11,V12,V13,V14,V15,V16,V17,V18,V19,V20,V21,V22,V23,V24,V25,V26,V27,V28,V29,V30,V31,V32,V33,V34,V35,V36,V37,V38,V39,V40,V41,V42,V43,V44,V45,V46,V47,V48,V49,V50
1,8.1915161893,8.267766594,8.3409561346,8.4073847645,8.4637297004,8.5080938897,8.5404906888,8.5627479839,8.5779339111,8.5895071185,8.6004464799,8.6126025324,8.6264383758,8.641211339,8.6555199494,8.6680380022,8.6782065094,8.6866684913,8.695306534,8.7068577477,8.7242033192,8.7495263005,8.7835747859,8.8252459107,8.8716246458,8.9184919644,8.9611917388,8.995648412,9.0192842455,9.0316073664,9.0343238996,9.0309472458,9.0260033158,9.0240292504,9.0286095312,9.0416763958,9.0632271525,9.0915004601,9.1235371115,9.155959243,9.1857584207,9.2108971406,9.2305933436,9.2452532419,9.2561160963,9.2647479058,9.2725498835,9.2804262861,9.2886940558,9.297235795
2,7.9132755848,7.9895259895,8.0627155301,8.1291441601,8.1854890959,8.2298532852,8.2622500844,8.2845073795,8.2996933066,8.311266514,8.3222058755,8.3343619279,8.3481977713,8.3629707345,8.377279345,8.3897973977,8.399965905,8.4084278868,8.4170659296,8.4286171432,8.4459627147,8.4712856961,8.5053341815,8.5470053062,8.5933840414,8.64025136,8.6829511343,8.7174078075,8.741043641,8.753366762,8.7560832951,8.7527066413,8.7477627113,8.745788646,8.7503689267,8.7634357914,8.7849865481,8.8132598556,8.845296507,8.8777186386,8.9075178162,8.9326565362,8.9523527391,8.9670126375,8.9778754918,8.9865073013,8.994309279,9.0021856816,9.0104534513,9.0189951906
3,7.6386780218,7.7149284264,7.788117967,7.854546597,7.9108915329,7.9552557222,7.9876525213,8.0099098164,8.0250957436,8.036668951,8.0476083124,8.0597643649,8.0736002083,8.0883731715,8.1026817819,8.1151998347,8.1253683419,8.1338303237,8.1424683665,8.1540195802,8.1713651517,8.196688133,8.2307366184,8.2724077431,8.3187864783,8.3656537969,8.4083535712,8.4428102445,8.4664460779,8.4787691989,8.481485732,8.4781090782,8.4731651483,8.4711910829,8.4757713637,8.4888382283,8.510388985,8.5386622926,8.5706989439,8.6031210755,8.6329202531,8.6580589731,8.6777551761,8.6924150744,8.7032779288,8.7119097382,8.7197117159,8.7275881185,8.7358558882,8.7443976275
4,7.3729192705,7.4491696751,7.5223592158,7.5887878457,7.6451327816,7.6894969709,7.72189377,7.7441510651,7.7593369923,7.7709101997,7.7818495611,7.7940056136,7.807841457,7.8226144202,7.8369230306,7.8494410834,7.8596095906,7.8680715724,7.8767096152,7.8882608289,7.9056064004,7.9309293817,7.9649778671,8.0066489918,8.053027727,8.0998950456,8.1425948199,8.1770514932,8.2006873266,8.2130104476,8.2157269807,8.2123503269,8.207406397,8.2054323316,8.2100126124,8.223079477,8.2446302337,8.2729035413,8.3049401926,8.3373623242,8.3671615018,8.3923002218,8.4119964248,8.4266563231,8.4375191775,8.4461509869,8.4539529646,8.4618293672,8.470097137,8.4786388762
5,7.122167951,7.1984183556,7.2716078963,7.3380365262,7.3943814621,7.4387456514,7.4711424505,7.4933997456,7.5085856728,7.5201588802,7.5310982416,7.5432542941,7.5570901375,7.5718631007,7.5861717111,7.5986897639,7.6088582711,7.6173202529,7.6259582957,7.6375095094,7.6548550809,7.6801780622,7.7142265476,7.7558976723,7.8022764075,7.8491437261,7.8918435005,7.9263001737,7.9499360071,7.9622591281,7.9649756613,7.9615990075,7.9566550775,7.9546810121,7.9592612929,7.9723281575,7.9938789142,8.0221522218,8.0541888731,8.0866110047,8.1164101823,8.1415489023,8.1612451053,8.1759050036,8.186767858,8.1953996674,8.2032016452,8.2110780478,8.2193458175,8.2278875567
6,6.8925488314,6.9687992361,7.0419887767,7.1084174067,7.1647623425,7.2091265318,7.241523331,7.2637806261,7.2789665532,7.2905397606,7.3014791221,7.3136351745,7.3274710179,7.3422439811,7.3565525915,7.3690706443,7.3792391516,7.3877011334,7.3963391762,7.4078903898,7.4252359613,7.4505589427,7.4846074281,7.5262785528,7.572657288,7.6195246066,7.6622243809,7.6966810541,7.7203168876,7.7326400086,7.7353565417,7.7319798879,7.7270359579,7.7250618926,7.7296421733,7.742709038,7.7642597947,7.7925331022,7.8245697536,7.8569918852,7.8867910628,7.9119297828,7.9316259857,7.9462858841,7.9571487384,7.9657805479,7.9735825256,7.9814589282,7.9897266979,7.9982684372
7,6.6892860607,6.7655364654,6.838726006,6.905154636,6.9614995718,7.0058637611,7.0382605602,7.0605178554,7.0757037825,7.0872769899,7.0982163514,7.1103724038,7.1242082472,7.1389812104,7.1532898208,7.1658078736,7.1759763808,7.1844383627,7.1930764054,7.2046276191,7.2219731906,7.2472961719,7.2813446573,7.3230157821,7.3693945172,7.4162618359,7.4589616102,7.4934182834,7.5170541169,7.5293772378,7.532093771,7.5287171172,7.5237731872,7.5217991218,7.5263794026,7.5394462672,7.560997024,7.5892703315,7.6213069829,7.6537291144,7.6835282921,7.708667012,7.728363215,7.7430231133,7.7538859677,7.7625177772,7.7703197549,7.7781961575,7.7864639272,7.7950056664
8,6.5160503154,6.5923007201,6.6654902607,6.7319188907,6.7882638265,6.8326280158,6.8650248149,6.8872821101,6.9024680372,6.9140412446,6.9249806061,6.9371366585,6.9509725019,6.9657454651,6.9800540755,6.9925721283,7.0027406355,7.0112026174,7.0198406601,7.0313918738,7.0487374453,7.0740604266,7.108108912,7.1497800368,7.1961587719,7.2430260906,7.2857258649,7.3201825381,7.3438183716,7.3561414926,7.3588580257,7.3554813719,7.3505374419,7.3485633765,7.3531436573,7.3662105219,7.3877612787,7.4160345862,7.4480712376,7.4804933691,7.5102925468,7.5354312667,7.5551274697,7.569787368,7.5806502224,7.5892820319,7.5970840096,7.6049604122,7.6132281819,7.6217699211
9,6.374542179,6.4507925836,6.5239821243,6.5904107542,6.6467556901,6.6911198794,6.7235166785,6.7457739736,6.7609599008,6.7725331082,6.7834724696,6.7956285221,6.8094643655,6.8242373287,6.8385459391,6.8510639919,6.8612324991,6.8696944809,6.8783325237,6.8898837374,6.9072293089,6.9325522902,6.9666007756,7.0082719003,7.0546506355,7.1015179541,7.1442177284,7.1786744017,7.2023102351,7.2146333561,7.2173498892,7.2139732354,7.2090293055,7.2070552401,7.2116355209,7.2247023855,7.2462531422,7.2745264498,7.3065631011,7.3389852327,7.3687844103,7.3939231303,7.4136193333,7.4282792316,7.439142086,7.4477738954,7.4555758731,7.4634522757,7.4717200455,7.4802617847
10,6.2643266608,6.3405770655,6.4137666061,6.4801952361,6.5365401719,6.5809043612,6.6133011603,6.6355584555,6.6507443826,6.66231759,6.6732569515,6.6854130039,6.6992488473,6.7140218105,6.7283304209,6.7408484737,6.751016981,6.7594789628,6.7681170055,6.7796682192,6.7970137907,6.822336772,6.8563852574,6.8980563822,6.9444351173,6.991302436,7.0340022103,7.0684588835,7.092094717,7.104417838,7.1071343711,7.1037577173,7.0988137873,7.0968397219,7.1014200027,7.1144868674,7.1360376241,7.1643109316,7.196347583,7.2287697145,7.2585688922,7.2837076122,7.3034038151,7.3180637134,7.3289265678,7.3375583773,7.345360355,7.3532367576,7.3615045273,7.3700462666
11,6.1829131896,6.2591635943,6.3323531349,6.3987817648,6.4551267007,6.49949089,6.5318876891,6.5541449842,6.5693309114,6.5809041188,6.5918434802,6.6039995327,6.6178353761,6.6326083393,6.6469169497,6.6594350025,6.6696035097,6.6780654915,6.6867035343,6.698254748,6.7156003195,6.7409233008,6.7749717862,6.8166429109,6.8630216461,6.9098889647,6.9525887391,6.9870454123,7.0106812457,7.0230043667,7.0257208999,7.0223442461,7.0174003161,7.0154262507,7.0200065315,7.0330733961,7.0546241528,7.0828974604,7.1149341117,7.1473562433,7.1771554209,7.2022941409,7.2219903439,7.2366502422,7.2475130966,7.256144906,7.2639468838,7.2718232864,7.2800910561,7.2886327953
12,6.1260543913,6.202304796,6.2754943366,6.3419229666,6.3982679024,6.4426320917,6.4750288908,6.497286186,6.5124721131,6.5240453205,6.534984682,6.5471407344,6.5609765778,6.575749541,6.5900581514,6.6025762042,6.6127447115,6.6212066933,6.629844736,6.6413959497,6.6587415212,6.6840645025,6.7181129879,6.7597841127,6.8061628478,6.8530301665,6.8957299408,6.930186614,6.9538224475,6.9661455685,6.9688621016,6.9654854478,6.9605415178,6.9585674524,6.9631477332,6.9762145979,6.9977653546,7.0260386621,7.0580753135,7.090497445,7.1202966227,7.1454353427,7.1651315456,7.1797914439,7.1906542983,7.1992861078,7.2070880855,7.2149644881,7.2232322578,7.2317739971
13,6.0882180946,6.1644684993,6.2376580399,6.3040866699,6.3604316057,6.404795795,6.4371925941,6.4594498893,6.4746358164,6.4862090238,6.4971483853,6.5093044377,6.5231402811,6.5379132443,6.5522218547,6.5647399075,6.5749084147,6.5833703966,6.5920084393,6.603559653,6.6209052245,6.6462282058,6.6802766912,6.721947816,6.7683265511,6.8151938698,6.8578936441,6.8923503173,6.9159861508,6.9283092718,6.9310258049,6.9276491511,6.9227052211,6.9207311557,6.9253114365,6.9383783012,6.9599290579,6.9882023654,7.0202390168,7.0526611483,7.082460326,7.1075990459,7.1272952489,7.1419551472,7.1528180016,7.1614498111,7.1692517888,7.1771281914,7.1853959611,7.1939377003
14,6.0631725402,6.1394229448,6.2126124855,6.2790411154,6.3353860513,6.3797502406,6.4121470397,6.4344043348,6.449590262,6.4611634694,6.4721028308,6.4842588833,6.4980947267,6.5128676899,6.5271763003,6.5396943531,6.5498628603,6.5583248421,6.5669628849,6.5785140986,6.5958596701,6.6211826514,6.6552311368,6.6969022615,6.7432809967,6.7901483153,6.8328480897,6.8673047629,6.8909405963,6.9032637173,6.9059802505,6.9026035967,6.8976596667,6.8956856013,6.9002658821,6.9133327467,6.9348835034,6.963156811,6.9951934623,7.0276155939,7.0574147715,7.0825534915,7.1022496945,7.1169095928,7.1277724472,7.1364042566,7.1442062344,7.152082637,7.1603504067,7.1688921459
15,6.0446163869,6.1208667915,6.1940563322,6.2604849621,6.316829898,6.3611940873,6.3935908864,6.4158481815,6.4310341087,6.4426073161,6.4535466775,6.46570273,6.4795385734,6.4943115366,6.508620147,6.5211381998,6.531306707,6.5397686888,6.5484067316,6.5599579453,6.5773035168,6.6026264981,6.6366749835,6.6783461082,6.7247248434,6.771592162,6.8142919364,6.8487486096,6.872384443,6.884707564,6.8874240972,6.8840474434,6.8791035134,6.877129448,6.8817097288,6.8947765934,6.9163273501,6.9446006577,6.976637309,7.0090594406,7.0388586182,7.0639973382,7.0836935412,7.0983534395,7.1092162939,7.1178481033,7.1256500811,7.1335264837,7.1417942534,7.1503359926
16,6.0267837491,6.1030341538,6.1762236944,6.2426523244,6.2989972602,6.3433614495,6.3757582486,6.3980155438,6.4132014709,6.4247746783,6.4357140398,6.4478700922,6.4617059356,6.4764788988,6.4907875092,6.503305562,6.5134740693,6.5219360511,6.5305740938,6.5421253075,6.559470879,6.5847938604,6.6188423457,6.6605134705,6.7068922057,6.7537595243,6.7964592986,6.8309159718,6.8545518053,6.8668749263,6.8695914594,6.8662148056,6.8612708756,6.8592968103,6.863877091,6.8769439557,6.8984947124,6.9267680199,6.9588046713,6.9912268029,7.0210259805,7.0461647005,7.0658609034,7.0805208018,7.0913836561,7.1000154656,7.1078174433,7.1156938459,7.1239616156,7.1325033549
17,6.0049603042,6.0812107089,6.1544002495,6.2208288795,6.2771738153,6.3215380046,6.3539348037,6.3761920989,6.391378026,6.4029512334,6.4138905949,6.4260466473,6.4398824907,6.4546554539,6.4689640643,6.4814821171,6.4916506244,6.5001126062,6.5087506489,6.5203018626,6.5376474341,6.5629704155,6.5970189008,6.6386900256,6.6850687607,6.7319360794,6.7746358537,6.8090925269,6.8327283604,6.8450514814,6.8477680145,6.8443913607,6.8394474307,6.8374733654,6.8420536461,6.8551205108,6.8766712675,6.904944575,6.9369812264,6.969403358,6.9992025356,7.0243412556,7.0440374585,7.0586973569,7.0695602112,7.0781920207,7.0859939984,7.093870401,7.1021381707,7.11067991
18,5.9758587953,6.0521092,6.1252987406,6.1917273706,6.2480723064,6.2924364957,6.3248332949,6.34709059,6.3622765172,6.3738497246,6.384789086,6.3969451384,6.4107809818,6.425553945,6.4398625555,6.4523806082,6.4625491155,6.4710110973,6.4796491401,6.4912003537,6.5085459252,6.5338689066,6.567917392,6.6095885167,6.6559672519,6.7028345705,6.7455343448,6.779991018,6.8036268515,6.8159499725,6.8186665056,6.8152898518,6.8103459218,6.8083718565,6.8129521372,6.8260190019,6.8475697586,6.8758430662,6.9078797175,6.9403018491,6.9701010267,6.9952397467,7.0149359496,7.029595848,7.0404587023,7.0490905118,7.0568924895,7.0647688921,7.0730366618,7.0815784011
19,5.9378196306,6.0140700353,6.0872595759,6.1536882059,6.2100331417,6.254397331,6.2867941302,6.3090514253,6.3242373524,6.3358105598,6.3467499213,6.3589059737,6.3727418171,6.3875147803,6.4018233908,6.4143414435,6.4245099508,6.4329719326,6.4416099754,6.453161189,6.4705067605,6.4958297419,6.5298782273,6.571549352,6.6179280872,6.6647954058,6.7074951801,6.7419518533,6.7655876868,6.7779108078,6.7806273409,6.7772506871,6.7723067571,6.7703326918,6.7749129725,6.7879798372,6.8095305939,6.8378039014,6.8698405528,6.9022626844,6.932061862,6.957200582,6.9768967849,6.9915566833,7.0024195376,7.0110513471,7.0188533248,7.0267297274,7.0349974971,7.0435392364
20,5.8908227886,5.9670731933,6.0402627339,6.1066913639,6.1630362997,6.207400489,6.2397972881,6.2620545833,6.2772405104,6.2888137178,6.2997530793,6.3119091317,6.3257449751,6.3405179383,6.3548265487,6.3673446015,6.3775131088,6.3859750906,6.3946131333,6.406164347,6.4235099185,6.4488328999,6.4828813852,6.52455251,6.5709312451,6.6177985638,6.6604983381,6.6949550113,6.7185908448,6.7309139658,6.7336304989,6.7302538451,6.7253099151,6.7233358498,6.7279161305,6.7409829952,6.7625337519,6.7908070594,6.8228437108,6.8552658424,6.88506502,6.91020374,6.9298999429,6.9445598413,6.9554226956,6.9640545051,6.9718564828,6.9797328854,6.9880006551,6.9965423944
21,5.8363186068,5.9125690115,5.9857585521,6.0521871821,6.1085321179,6.1528963072,6.1852931063,6.2075504015,6.2227363286,6.234309536,6.2452488975,6.2574049499,6.2712407933,6.2860137565,6.3003223669,6.3128404197,6.323008927,6.3314709088,6.3401089515,6.3516601652,6.3690057367,6.3943287181,6.4283772034,6.4700483282,6.5164270633,6.563294382,6.6059941563,6.6404508295,6.664086663,6.676409784,6.6791263171,6.6757496633,6.6708057333,6.6688316679,6.6734119487,6.6864788134,6.7080295701,6.7363028776,6.768339529,6.8007616606,6.8305608382,6.8556995582,6.8753957611,6.8900556594,6.9009185138,6.9095503233,6.917352301,6.9252287036,6.9334964733,6.9420382126
22,5.776904905,5.8531553097,5.9263448503,5.9927734803,6.0491184162,6.0934826054,6.1258794046,6.1481366997,6.1633226269,6.1748958343,6.1858351957,6.1979912482,6.2118270916,6.2266000547,6.2409086652,6.2534267179,6.2635952252,6.272057207,6.2806952498,6.2922464634,6.309592035,6.3349150163,6.3689635017,6.4106346264,6.4570133616,6.5038806802,6.5465804545,6.5810371278,6.6046729612,6.6169960822,6.6197126153,6.6163359615,6.6113920316,6.6094179662,6.613998247,6.6270651116,6.6486158683,6.6768891759,6.7089258272,6.7413479588,6.7711471364,6.7962858564,6.8159820593,6.8306419577,6.8415048121,6.8501366215,6.8579385992,6.8658150018,6.8740827715,6.8826245108
23,5.715894125,5.7921445296,5.8653340702,5.9317627002,5.9881076361,6.0324718253,6.0648686245,6.0871259196,6.1023118468,6.1138850542,6.1248244156,6.1369804681,6.1508163115,6.1655892746,6.1798978851,6.1924159379,6.2025844451,6.2110464269,6.2196844697,6.2312356833,6.2485812549,6.2739042362,6.3079527216,6.3496238463,6.3960025815,6.4428699001,6.4855696744,6.5200263477,6.5436621811,6.5559853021,6.5587018352,6.5553251814,6.5503812515,6.5484071861,6.5529874669,6.5660543315,6.5876050882,6.6158783958,6.6479150471,6.6803371787,6.7101363563,6.7352750763,6.7549712793,6.7696311776,6.780494032,6.7891258414,6.7969278191,6.8048042217,6.8130719914,6.8216137307
24,5.6568250317,5.7330754363,5.806264977,5.8726936069,5.9290385428,5.9734027321,6.0057995312,6.0280568263,6.0432427535,6.0548159609,6.0657553223,6.0779113748,6.0917472182,6.1065201814,6.1208287918,6.1333468446,6.1435153518,6.1519773336,6.1606153764,6.1721665901,6.1895121616,6.2148351429,6.2488836283,6.290554753,6.3369334882,6.3838008068,6.4265005812,6.4609572544,6.4845930878,6.4969162088,6.499632742,6.4962560882,6.4913121582,6.4893380928,6.4939183736,6.5069852382,6.5285359949,6.5568093025,6.5888459538,6.6212680854,6.651067263,6.676205983,6.695902186,6.7105620843,6.7214249387,6.7300567481,6.7378587258,6.7457351284,6.7540028982,6.7625446374
25,5.6029779284,5.6792283331,5.7524178737,5.8188465037,5.8751914395,5.9195556288,5.951952428,5.9742097231,5.9893956503,6.0009688577,6.0119082191,6.0240642715,6.0379001149,6.0526730781,6.0669816886,6.0794997413,6.0896682486,6.0981302304,6.1067682732,6.1183194868,6.1356650583,6.1609880397,6.1950365251,6.2367076498,6.283086385,6.3299537036,6.3726534779,6.4071101511,6.4307459846,6.4430691056,6.4457856387,6.4424089849,6.4374650549,6.4354909896,6.4400712703,6.453138135,6.4746888917,6.5029621993,6.5349988506,6.5674209822,6.5972201598,6.6223588798,6.6420550827,6.6567149811,6.6675778354,6.6762096449,6.6840116226,6.6918880252,6.7001557949,6.7086975342
26,5.5569499198,5.6332003245,5.7063898651,5.7728184951,5.8291634309,5.8735276202,5.9059244193,5.9281817145,5.9433676416,5.954940849,5.9658802105,5.9780362629,5.9918721063,6.0066450695,6.0209536799,6.0334717327,6.0436402399,6.0521022218,6.0607402645,6.0722914782,6.0896370497,6.114960031,6.1490085164,6.1906796412,6.2370583763,6.283925695,6.3266254693,6.3610821425,6.384717976,6.397041097,6.3997576301,6.3963809763,6.3914370463,6.3894629809,6.3940432617,6.4071101264,6.4286608831,6.4569341906,6.488970842,6.5213929735,6.5511921512,6.5763308711,6.5960270741,6.6106869724,6.6215498268,6.6301816363,6.637983614,6.6458600166,6.6541277863,6.6626695255
27,5.5203379409,5.5965883455,5.6697778862,5.7362065161,5.792551452,5.8369156413,5.8693124404,5.8915697355,5.9067556627,5.9183288701,5.9292682315,5.941424284,5.9552601274,5.9700330906,5.984341701,5.9968597538,6.007028261,6.0154902428,6.0241282856,6.0356794993,6.0530250708,6.0783480521,6.1123965375,6.1540676622,6.2004463974,6.247313716,6.2900134904,6.3244701636,6.348105997,6.360429118,6.3631456512,6.3597689974,6.3548250674,6.352851002,6.3574312828,6.3704981474,6.3920489041,6.4203222117,6.452358863,6.4847809946,6.5145801722,6.5397188922,6.5594150952,6.5740749935,6.5849378479,6.5935696573,6.6013716351,6.6092480377,6.6175158074,6.6260575466
28,5.4935631783,5.569813583,5.6430031236,5.7094317536,5.7657766894,5.8101408787,5.8425376778,5.864794973,5.8799809001,5.8915541075,5.902493469,5.9146495214,5.9284853648,5.943258328,5.9575669384,5.9700849912,5.9802534985,5.9887154803,5.997353523,6.0089047367,6.0262503082,6.0515732896,6.0856217749,6.1272928997,6.1736716348,6.2205389535,6.2632387278,6.297695401,6.3213312345,6.3336543555,6.3363708886,6.3329942348,6.3280503048,6.3260762395,6.3306565202,6.3437233849,6.3652741416,6.3935474491,6.4255841005,6.4580062321,6.4878054097,6.5129441297,6.5326403326,6.547300231,6.5581630853,6.5667948948,6.5745968725,6.5824732751,6.5907410448,6.5992827841
29,5.4758528577,5.5521032623,5.6252928029,5.6917214329,5.7480663688,5.792430558,5.8248273572,5.8470846523,5.8622705795,5.8738437869,5.8847831483,5.8969392008,5.9107750442,5.9255480073,5.9398566178,5.9523746706,5.9625431778,5.9710051596,5.9796432024,5.991194416,6.0085399876,6.0338629689,6.0679114543,6.109582579,6.1559613142,6.2028286328,6.2455284071,6.2799850804,6.3036209138,6.3159440348,6.3186605679,6.3152839141,6.3103399842,6.3083659188,6.3129461996,6.3260130642,6.3475638209,6.3758371285,6.4078737798,6.4402959114,6.470095089,6.495233809,6.5149300119,6.5295899103,6.5404527647,6.5490845741,6.5568865518,6.5647629544,6.5730307241,6.5815724634
30,5.4653762542,5.5416266588,5.6148161994,5.6812448294,5.7375897653,5.7819539546,5.8143507537,5.8366080488,5.851793976,5.8633671834,5.8743065448,5.8864625973,5.9002984407,5.9150714039,5.9293800143,5.9418980671,5.9520665743,5.9605285561,5.9691665989,5.9807178126,5.9980633841,6.0233863654,6.0574348508,6.0991059755,6.1454847107,6.1923520293,6.2350518036,6.2695084769,6.2931443103,6.3054674313,6.3081839644,6.3048073106,6.2998633807,6.2978893153,6.3024695961,6.3155364607,6.3370872174,6.365360525,6.3973971763,6.4298193079,6.4596184855,6.4847572055,6.5044534085,6.5191133068,6.5299761612,6.5386079706,6.5464099483,6.5542863509,6.5625541206,6.5710958599
31,5.4595134361,5.5357638407,5.6089533814,5.6753820113,5.7317269472,5.7760911365,5.8084879356,5.8307452307,5.8459311579,5.8575043653,5.8684437267,5.8805997792,5.8944356226,5.9092085858,5.9235171962,5.936035249,5.9462037562,5.954665738,5.9633037808,5.9748549945,5.992200566,6.0175235473,6.0515720327,6.0932431574,6.1396218926,6.1864892112,6.2291889856,6.2636456588,6.2872814922,6.2996046132,6.3023211463,6.2989444926,6.2940005626,6.2920264972,6.296606778,6.3096736426,6.3312243993,6.3594977069,6.3915343582,6.4239564898,6.4537556674,6.4788943874,6.4985905904,6.5132504887,6.5241133431,6.5327451525,6.5405471302,6.5484235328,6.5566913026,6.5652330418
32,5.455219786,5.5314701907,5.6046597313,5.6710883613,5.7274332972,5.7717974864,5.8041942856,5.8264515807,5.8416375079,5.8532107153,5.8641500767,5.8763061292,5.8901419725,5.9049149357,5.9192235462,5.9317415989,5.9419101062,5.950372088,5.9590101308,5.9705613444,5.987906916,6.0132298973,6.0472783827,6.0889495074,6.1353282426,6.1821955612,6.2248953355,6.2593520087,6.2829878422,6.2953109632,6.2980274963,6.2946508425,6.2897069126,6.2877328472,6.292313128,6.3053799926,6.3269307493,6.3552040569,6.3872407082,6.4196628398,6.4494620174,6.4746007374,6.4942969403,6.5089568387,6.5198196931,6.5284515025,6.5362534802,6.5441298828,6.5523976525,6.5609393918
33,5.4494385307,5.5256889354,5.598878476,5.665307106,5.7216520418,5.7660162311,5.7984130302,5.8206703254,5.8358562525,5.8474294599,5.8583688214,5.8705248738,5.8843607172,5.8991336804,5.9134422908,5.9259603436,5.9361288509,5.9445908327,5.9532288754,5.9647800891,5.9821256606,6.007448642,6.0414971273,6.0831682521,6.1295469872,6.1764143059,6.2191140802,6.2535707534,6.2772065869,6.2895297079,6.292246241,6.2888695872,6.2839256572,6.2819515919,6.2865318726,6.2995987373,6.321149494,6.3494228015,6.3814594529,6.4138815845,6.4436807621,6.4688194821,6.488515685,6.5031755834,6.5140384377,6.5226702472,6.5304722249,6.5383486275,6.5466163972,6.5551581365
34,5.4395085425,5.5157589471,5.5889484878,5.6553771177,5.7117220536,5.7560862429,5.788483042,5.8107403371,5.8259262643,5.8374994717,5.8484388331,5.8605948856,5.874430729,5.8892036922,5.9035123026,5.9160303554,5.9261988626,5.9346608444,5.9432988872,5.9548501009,5.9721956724,5.9975186537,6.0315671391,6.0732382638,6.119616999,6.1664843176,6.209184092,6.2436407652,6.2672765986,6.2795997196,6.2823162527,6.278939599,6.273995669,6.2720216036,6.2766018844,6.289668749,6.3112195057,6.3394928133,6.3715294646,6.4039515962,6.4337507738,6.4588894938,6.4785856968,6.4932455951,6.5041084495,6.5127402589,6.5205422366,6.5284186392,6.536686409,6.5452281482
35,5.423516078,5.4997664827,5.5729560233,5.6393846532,5.6957295891,5.7400937784,5.7724905775,5.7947478726,5.8099337998,5.8215070072,5.8324463686,5.8446024211,5.8584382645,5.8732112277,5.8875198381,5.9000378909,5.9102063981,5.9186683799,5.9273064227,5.9388576364,5.9562032079,5.9815261892,6.0155746746,6.0572457994,6.1036245345,6.1504918531,6.1931916275,6.2276483007,6.2512841342,6.2636072551,6.2663237883,6.2629471345,6.2580032045,6.2560291391,6.2606094199,6.2736762845,6.2952270412,6.3235003488,6.3555370001,6.3879591317,6.4177583093,6.4428970293,6.4625932323,6.4772531306,6.488115985,6.4967477945,6.5045497722,6.5124261748,6.5206939445,6.5292356837
36,5.4005466536,5.4767970582,5.5499865988,5.6164152288,5.6727601647,5.717124354,5.7495211531,5.7717784482,5.7869643754,5.7985375828,5.8094769442,5.8216329967,5.8354688401,5.8502418033,5.8645504137,5.8770684665,5.8872369737,5.8956989555,5.9043369983,5.915888212,5.9332337835,5.9585567648,5.9926052502,6.0342763749,6.0806551101,6.1275224287,6.170222203,6.2046788763,6.2283147097,6.2406378307,6.2433543638,6.23997771,6.2350337801,6.2330597147,6.2376399955,6.2507068601,6.2722576168,6.3005309244,6.3325675757,6.3649897073,6.3947888849,6.4199276049,6.4396238079,6.4542837062,6.4651465606,6.47377837,6.4815803477,6.4894567503,6.49772452,6.5062662593
37,5.3708059859,5.4470563905,5.5202459312,5.5866745611,5.643019497,5.6873836863,5.7197804854,5.7420377805,5.7572237077,5.7687969151,5.7797362765,5.791892329,5.8057281724,5.8205011356,5.834809746,5.8473277988,5.857496306,5.8659582878,5.8745963306,5.8861475443,5.9034931158,5.9288160971,5.9628645825,6.0045357072,6.0509144424,6.097781761,6.1404815354,6.1749382086,6.198574042,6.210897163,6.2136136962,6.2102370424,6.2052931124,6.203319047,6.2078993278,6.2209661924,6.2425169491,6.2707902567,6.302826908,6.3352490396,6.3650482172,6.3901869372,6.4098831402,6.4245430385,6.4354058929,6.4440377023,6.4518396801,6.4597160827,6.4679838524,6.4765255916
38,5.3355953048,5.4118457095,5.4850352501,5.5514638801,5.607808816,5.6521730052,5.6845698044,5.7068270995,5.7220130267,5.7335862341,5.7445255955,5.7566816479,5.7705174913,5.7852904545,5.799599065,5.8121171177,5.822285625,5.8307476068,5.8393856496,5.8509368632,5.8682824348,5.8936054161,5.9276539015,5.9693250262,6.0157037614,6.06257108,6.1052708543,6.1397275275,6.163363361,6.175686482,6.1784030151,6.1750263613,6.1700824313,6.168108366,6.1726886467,6.1857555114,6.2073062681,6.2355795757,6.267616227,6.3000383586,6.3298375362,6.3549762562,6.3746724591,6.3893323575,6.4001952118,6.4088270213,6.416628999,6.4245054016,6.4327731713,6.4413149106
39,5.2971444103,5.3733948149,5.4465843555,5.5130129855,5.5693579214,5.6137221107,5.6461189098,5.6683762049,5.6835621321,5.6951353395,5.7060747009,5.7182307534,5.7320665968,5.74683956,5.7611481704,5.7736662232,5.7838347304,5.7922967122,5.800934755,5.8124859687,5.8298315402,5.8551545215,5.8892030069,5.9308741316,5.9772528668,6.0241201854,6.0668199597,6.101276633,6.1249124664,6.1372355874,6.1399521205,6.1365754667,6.1316315368,6.1296574714,6.1342377522,6.1473046168,6.1688553735,6.1971286811,6.2291653324,6.261587464,6.2913866416,6.3165253616,6.3362215646,6.3508814629,6.3617443173,6.3703761267,6.3781781044,6.386054507,6.3943222767,6.402864016
40,5.2583234442,5.3345738488,5.4077633895,5.4741920194,5.5305369553,5.5749011446,5.6072979437,5.6295552388,5.644741166,5.6563143734,5.6672537348,5.6794097873,5.6932456307,5.7080185939,5.7223272043,5.7348452571,5.7450137643,5.7534757461,5.7621137889,5.7736650026,5.7910105741,5.8163335554,5.8503820408,5.8920531655,5.9384319007,5.9852992193,6.0279989936,6.0624556669,6.0860915003,6.0984146213,6.1011311544,6.0977545006,6.0928105707,6.0908365053,6.0954167861,6.1084836507,6.1300344074,6.158307715,6.1903443663,6.2227664979,6.2525656755,6.2777043955,6.2974005985,6.3120604968,6.3229233512,6.3315551606,6.3393571383,6.3472335409,6.3555013107,6.3640430499
41,5.2222693926,5.2985197972,5.3717093379,5.4381379678,5.4944829037,5.538847093,5.5712438921,5.5935011872,5.6086871144,5.6202603218,5.6311996832,5.6433557357,5.6571915791,5.6719645423,5.6862731527,5.6987912055,5.7089597127,5.7174216945,5.7260597373,5.737610951,5.7549565225,5.7802795038,5.8143279892,5.8559991139,5.9023778491,5.9492451677,5.9919449421,6.0264016153,6.0500374487,6.0623605697,6.0650771029,6.0617004491,6.0567565191,6.0547824537,6.0593627345,6.0724295991,6.0939803558,6.1222536634,6.1542903147,6.1867124463,6.2165116239,6.2416503439,6.2613465469,6.2760064452,6.2868692996,6.295501109,6.3033030868,6.3111794894,6.3194472591,6.3279889983
42,5.1919740266,5.2682244313,5.3414139719,5.4078426019,5.4641875377,5.508551727,5.5409485261,5.5632058213,5.5783917484,5.5899649558,5.6009043173,5.6130603697,5.6268962131,5.6416691763,5.6559777867,5.6684958395,5.6786643467,5.6871263286,5.6957643713,5.707315585,5.7246611565,5.7499841378,5.7840326232,5.825703748,5.8720824831,5.9189498018,5.9616495761,5.9961062493,6.0197420828,6.0320652038,6.0347817369,6.0314050831,6.0264611531,6.0244870877,6.0290673685,6.0421342332,6.0636849899,6.0919582974,6.1239949488,6.1564170803,6.186216258,6.2113549779,6.2310511809,6.2457110792,6.2565739336,6.2652057431,6.2730077208,6.2808841234,6.2891518931,6.2976936323
43,5.1698850625,5.2461354671,5.3193250078,5.3857536377,5.4420985736,5.4864627629,5.518859562,5.5411168571,5.5563027843,5.5678759917,5.5788153531,5.5909714056,5.604807249,5.6195802122,5.6338888226,5.6464068754,5.6565753826,5.6650373644,5.6736754072,5.6852266209,5.7025721924,5.7278951737,5.7619436591,5.8036147838,5.849993519,5.8968608376,5.939560612,5.9740172852,5.9976531186,6.0099762396,6.0126927728,6.009316119,6.004372189,6.0023981236,6.0069784044,6.020045269,6.0415960257,6.0698693333,6.1019059846,6.1343281162,6.1641272938,6.1892660138,6.2089622168,6.2236221151,6.2344849695,6.2431167789,6.2509187567,6.2587951593,6.267062929,6.2756046682
44,5.1575711464,5.233821551,5.3070110916,5.3734397216,5.4297846575,5.4741488467,5.5065456459,5.528802941,5.5439888682,5.5555620756,5.566501437,5.5786574895,5.5924933329,5.607266296,5.6215749065,5.6340929592,5.6442614665,5.6527234483,5.6613614911,5.6729127047,5.6902582763,5.7155812576,5.749629743,5.7913008677,5.8376796029,5.8845469215,5.9272466958,5.9617033691,5.9853392025,5.9976623235,6.0003788566,5.9970022028,5.9920582729,5.9900842075,5.9946644883,6.0077313529,6.0292821096,6.0575554172,6.0895920685,6.1220142001,6.1518133777,6.1769520977,6.1966483006,6.211308199,6.2221710534,6.2308028628,6.2386048405,6.2464812431,6.2547490128,6.2632907521
45,5.1554939644,5.231744369,5.3049339097,5.3713625396,5.4277074755,5.4720716648,5.5044684639,5.526725759,5.5419116862,5.5534848936,5.564424255,5.5765803075,5.5904161509,5.6051891141,5.6194977245,5.6320157773,5.6421842845,5.6506462663,5.6592843091,5.6708355228,5.6881810943,5.7135040756,5.747552561,5.7892236857,5.8356024209,5.8824697395,5.9251695139,5.9596261871,5.9832620205,5.9955851415,5.9983016746,5.9949250209,5.9899810909,5.9880070255,5.9925873063,6.0056541709,6.0272049276,6.0554782352,6.0875148865,6.1199370181,6.1497361957,6.1748749157,6.1945711187,6.209231017,6.2200938714,6.2287256808,6.2365276585,6.2444040611,6.2526718309,6.2612135701
46,5.1629181756,5.2391685803,5.3123581209,5.3787867509,5.4351316867,5.479495876,5.5118926751,5.5341499703,5.5493358974,5.5609091048,5.5718484663,5.5840045187,5.5978403621,5.6126133253,5.6269219357,5.6394399885,5.6496084958,5.6580704776,5.6667085203,5.678259734,5.6956053055,5.7209282869,5.7549767722,5.796647897,5.8430266321,5.8898939508,5.9325937251,5.9670503983,5.9906862318,6.0030093528,6.0057258859,6.0023492321,5.9974053021,5.9954312367,6.0000115175,6.0130783822,6.0346291389,6.0629024464,6.0949390978,6.1273612294,6.157160407,6.182299127,6.2019953299,6.2166552283,6.2275180826,6.2361498921,6.2439518698,6.2518282724,6.2600960421,6.2686377814
47,5.1779734249,5.2542238296,5.3274133702,5.3938420002,5.450186936,5.4945511253,5.5269479244,5.5492052196,5.5643911467,5.5759643541,5.5869037156,5.599059768,5.6128956114,5.6276685746,5.641977185,5.6544952378,5.664663745,5.6731257269,5.6817637696,5.6933149833,5.7106605548,5.7359835361,5.7700320215,5.8117031463,5.8580818814,5.9049492001,5.9476489744,5.9821056476,6.0057414811,6.0180646021,6.0207811352,6.0174044814,6.0124605514,6.010486486,6.0150667668,6.0281336315,6.0496843882,6.0779576957,6.1099943471,6.1424164786,6.1722156563,6.1973543762,6.2170505792,6.2317104775,6.2425733319,6.2512051414,6.2590071191,6.2668835217,6.2751512914,6.2836930306
48,5.197864331,5.2741147357,5.3473042763,5.4137329063,5.4700778421,5.5144420314,5.5468388305,5.5690961257,5.5842820528,5.5958552602,5.6067946217,5.6189506741,5.6327865175,5.6475594807,5.6618680911,5.6743861439,5.6845546512,5.693016633,5.7016546757,5.7132058894,5.7305514609,5.7558744422,5.7899229276,5.8315940524,5.8779727875,5.9248401062,5.9675398805,6.0019965537,6.0256323872,6.0379555082,6.0406720413,6.0372953875,6.0323514575,6.0303773921,6.0349576729,6.0480245376,6.0695752943,6.0978486018,6.1298852532,6.1623073847,6.1921065624,6.2172452824,6.2369414853,6.2516013836,6.262464238,6.2710960475,6.2788980252,6.2867744278,6.2950421975,6.3035839368
49,5.2192062202,5.2954566249,5.3686461655,5.4350747955,5.4914197313,5.5357839206,5.5681807198,5.5904380149,5.605623942,5.6171971494,5.6281365109,5.6402925633,5.6541284067,5.6689013699,5.6832099803,5.6957280331,5.7058965404,5.7143585222,5.722996565,5.7345477786,5.7518933501,5.7772163315,5.8112648169,5.8529359416,5.8993146768,5.9461819954,5.9888817697,6.0233384429,6.0469742764,6.0592973974,6.0620139305,6.0586372767,6.0536933467,6.0517192814,6.0562995621,6.0693664268,6.0909171835,6.119190491,6.1512271424,6.183649274,6.2134484516,6.2385871716,6.2582833745,6.2729432729,6.2838061272,6.2924379367,6.3002399144,6.308116317,6.3163840867,6.324925826
50,5.2384486297,5.3146990344,5.387888575,5.454317205,5.5106621409,5.5550263301,5.5874231293,5.6096804244,5.6248663516,5.636439559,5.6473789204,5.6595349729,5.6733708162,5.6881437794,5.7024523899,5.7149704426,5.7251389499,5.7336009317,5.7422389745,5.7537901881,5.7711357597,5.796458741,5.8305072264,5.8721783511,5.9185570863,5.9654244049,6.0081241792,6.0425808524,6.0662166859,6.0785398069,6.08125634,6.0778796862,6.0729357563,6.0709616909,6.0755419717,6.0886088363,6.110159593,6.1384329006,6.1704695519,6.2028916835,6.2326908611,6.2578295811,6.277525784,6.2921856824,6.3030485368,6.3116803462,6.3194823239,6.3273587265,6.3356264962,6.3441682355
51,5.2523371253,5.3285875299,5.4017770706,5.4682057005,5.5245506364,5.5689148257,5.6013116248,5.6235689199,5.6387548471,5.6503280545,5.6612674159,5.6734234684,5.6872593118,5.702032275,5.7163408854,5.7288589382,5.7390274454,5.7474894272,5.75612747,5.7676786837,5.7850242552,5.8103472365,5.8443957219,5.8860668466,5.9324455818,5.9793129004,6.0220126748,6.056469348,6.0801051814,6.0924283024,6.0951448355,6.0917681818,6.0868242518,6.0848501864,6.0894304672,6.1024973318,6.1240480885,6.1523213961,6.1843580474,6.216780179,6.2465793566,6.2717180766,6.2914142796,6.3060741779,6.3169370323,6.3255688417,6.3333708194,6.341247222,6.3495149918,6.358056731
52,5.2583581685,5.3346085731,5.4077981138,5.4742267437,5.5305716796,5.5749358689,5.607332668,5.6295899631,5.6447758903,5.6563490977,5.6672884591,5.6794445116,5.693280355,5.7080533182,5.7223619286,5.7348799814,5.7450484886,5.7535104704,5.7621485132,5.7736997269,5.7910452984,5.8163682797,5.8504167651,5.8920878898,5.938466625,5.9853339436,6.028033718,6.0624903912,6.0861262246,6.0984493456,6.1011658788,6.097789225,6.092845295,6.0908712296,6.0954515104,6.108518375,6.1300691317,6.1583424393,6.1903790906,6.2228012222,6.2526003998,6.2777391198,6.2974353228,6.3120952211,6.3229580755,6.3315898849,6.3393918627,6.3472682653,6.355536035,6.3640777742
53,5.2551123927,5.3313627974,5.404552338,5.470980968,5.5273259039,5.5716900931,5.6040868923,5.6263441874,5.6415301146,5.653103322,5.6640426834,5.6761987358,5.6900345792,5.7048075424,5.7191161529,5.7316342056,5.7418027129,5.7502646947,5.7589027375,5.7704539511,5.7877995227,5.813122504,5.8471709894,5.8888421141,5.9352208493,5.9820881679,6.0247879422,6.0592446154,6.0828804489,6.0952035699,6.097920103,6.0945434492,6.0895995193,6.0876254539,6.0922057346,6.1052725993,6.126823356,6.1550966636,6.1871333149,6.2195554465,6.2493546241,6.2744933441,6.294189547,6.3088494454,6.3197122998,6.3283441092,6.3361460869,6.3440224895,6.3522902592,6.3608319985
54,5.2425687213,5.318819126,5.3920086666,5.4584372966,5.5147822324,5.5591464217,5.5915432208,5.613800516,5.6289864431,5.6405596505,5.651499012,5.6636550644,5.6774909078,5.692263871,5.7065724814,5.7190905342,5.7292590415,5.7377210233,5.746359066,5.7579102797,5.7752558512,5.8005788325,5.8346273179,5.8762984427,5.9226771778,5.9695444965,6.0122442708,6.046700944,6.0703367775,6.0826598985,6.0853764316,6.0819997778,6.0770558478,6.0750817824,6.0796620632,6.0927289279,6.1142796846,6.1425529921,6.1745896435,6.207011775,6.2368109527,6.2619496727,6.2816458756,6.2963057739,6.3071686283,6.3158004378,6.3236024155,6.3314788181,6.3397465878,6.3482883271
55,5.2221645659,5.2984149706,5.3716045112,5.4380331412,5.494378077,5.5387422663,5.5711390655,5.5933963606,5.6085822878,5.6201554952,5.6310948566,5.643250909,5.6570867524,5.6718597156,5.6861683261,5.6986863788,5.7088548861,5.7173168679,5.7259549107,5.7375061243,5.7548516958,5.7801746772,5.8142231626,5.8558942873,5.9022730225,5.9491403411,5.9918401154,6.0262967886,6.0499326221,6.0622557431,6.0649722762,6.0615956224,6.0566516924,6.0546776271,6.0592579078,6.0723247725,6.0938755292,6.1221488368,6.1541854881,6.1866076197,6.2164067973,6.2415455173,6.2612417202,6.2759016186,6.2867644729,6.2953962824,6.3031982601,6.3110746627,6.3193424324,6.3278841717
56,5.1967344797,5.2729848844,5.346174425,5.4126030549,5.4689479908,5.5133121801,5.5457089792,5.5679662743,5.5831522015,5.5947254089,5.6056647703,5.6178208228,5.6316566662,5.6464296294,5.6607382398,5.6732562926,5.6834247998,5.6918867817,5.7005248244,5.7120760381,5.7294216096,5.7547445909,5.7887930763,5.8304642011,5.8768429362,5.9237102548,5.9664100292,6.0008667024,6.0245025359,6.0368256568,6.03954219,6.0361655362,6.0312216062,6.0292475408,6.0338278216,6.0468946862,6.0684454429,6.0967187505,6.1287554019,6.1611775334,6.1909767111,6.216115431,6.235811634,6.2504715323,6.2613343867,6.2699661962,6.2777681739,6.2856445765,6.2939123462,6.3024540854
57,5.1702691927,5.2465195974,5.319709138,5.386137768,5.4424827039,5.4868468931,5.5192436923,5.5415009874,5.5566869146,5.568260122,5.5791994834,5.5913555358,5.6051913792,5.6199643424,5.6342729529,5.6467910056,5.6569595129,5.6654214947,5.6740595375,5.6856107511,5.7029563227,5.728279304,5.7623277894,5.8039989141,5.8503776493,5.8972449679,5.9399447422,5.9744014154,5.9980372489,6.0103603699,6.013076903,6.0097002492,6.0047563193,6.0027822539,6.0073625346,6.0204293993,6.041980156,6.0702534636,6.1022901149,6.1347122465,6.1645114241,6.1896501441,6.209346347,6.2240062454,6.2348690997,6.2435009092,6.2513028869,6.2591792895,6.2674470592,6.2759887985
58,5.1475267193,5.223777124,5.2969666646,5.3633952945,5.4197402304,5.4641044197,5.4965012188,5.5187585139,5.5339444411,5.5455176485,5.5564570099,5.5686130624,5.5824489058,5.597221869,5.6115304794,5.6240485322,5.6342170394,5.6426790212,5.651317064,5.6628682777,5.6802138492,5.7055368305,5.7395853159,5.7812564407,5.8276351758,5.8745024944,5.9172022688,5.951658942,5.9752947755,5.9876178964,5.9903344296,5.9869577758,5.9820138458,5.9800397804,5.9846200612,5.9976869258,6.0192376825,6.0475109901,6.0795476414,6.111969773,6.1417689506,6.1669076706,6.1866038736,6.2012637719,6.2121266263,6.2207584358,6.2285604135,6.2364368161,6.2447045858,6.253246325
59,5.1335349203,5.2097853249,5.2829748655,5.3494034955,5.4057484314,5.4501126207,5.4825094198,5.5047667149,5.5199526421,5.5315258495,5.5424652109,5.5546212634,5.5684571068,5.58323007,5.5975386804,5.6100567332,5.6202252404,5.6286872222,5.637325265,5.6488764787,5.6662220502,5.6915450315,5.7255935169,5.7672646416,5.8136433768,5.8605106954,5.9032104697,5.937667143,5.9613029764,5.9736260974,5.9763426305,5.9729659767,5.9680220468,5.9660479814,5.9706282622,5.9836951268,6.0052458835,6.0335191911,6.0655558424,6.097977974,6.1277771516,6.1529158716,6.1726120746,6.1872719729,6.1981348273,6.2067666367,6.2145686144,6.222445017,6.2307127867,6.239254526
60,5.1330384769,5.2092888816,5.2824784222,5.3489070522,5.405251988,5.4496161773,5.4820129764,5.5042702716,5.5194561987,5.5310294061,5.5419687676,5.55412482,5.5679606634,5.5827336266,5.597042237,5.6095602898,5.6197287971,5.6281907789,5.6368288216,5.6483800353,5.6657256068,5.6910485882,5.7250970735,5.7667681983,5.8131469334,5.8600142521,5.9027140264,5.9371706996,5.9608065331,5.9731296541,5.9758461872,5.9724695334,5.9675256034,5.965551538,5.9701318188,5.9831986835,6.0047494402,6.0330227477,6.0650593991,6.0974815307,6.1272807083,6.1524194283,6.1721156312,6.1867755296,6.1976383839,6.2062701934,6.2140721711,6.2219485737,6.2302163434,6.2387580827
61,5.149951056,5.2262014607,5.2993910013,5.3658196313,5.4221645671,5.4665287564,5.4989255555,5.5211828507,5.5363687778,5.5479419852,5.5588813467,5.5710373991,5.5848732425,5.5996462057,5.6139548161,5.6264728689,5.6366413762,5.645103358,5.6537414007,5.6652926144,5.6826381859,5.7079611673,5.7420096526,5.7836807774,5.8300595125,5.8769268312,5.9196266055,5.9540832787,5.9777191122,5.9900422332,5.9927587663,5.9893821125,5.9844381825,5.9824641171,5.9870443979,6.0001112626,6.0216620193,6.0499353268,6.0819719782,6.1143941098,6.1441932874,6.1693320074,6.1890282103,6.2036881086,6.214550963,6.2231827725,6.2309847502,6.2388611528,6.2471289225,6.2556706618
62,5.1868745373,5.263124942,5.3363144826,5.4027431126,5.4590880484,5.5034522377,5.5358490368,5.558106332,5.5732922591,5.5848654665,5.595804828,5.6079608804,5.6217967238,5.636569687,5.6508782974,5.6633963502,5.6735648575,5.6820268393,5.690664882,5.7022160957,5.7195616672,5.7448846485,5.7789331339,5.8206042587,5.8669829938,5.9138503125,5.9565500868,5.99100676,6.0146425935,6.0269657145,6.0296822476,6.0263055938,6.0213616638,6.0193875984,6.0239678792,6.0370347439,6.0585855006,6.0868588081,6.1188954595,6.151317591,6.1811167687,6.2062554887,6.2259516916,6.2406115899,6.2514744443,6.2601062538,6.2679082315,6.2757846341,6.2840524038,6.2925941431
63,5.2447412884,5.3209916931,5.3941812337,5.4606098637,5.5169547995,5.5613189888,5.593715788,5.6159730831,5.6311590103,5.6427322177,5.6536715791,5.6658276315,5.6796634749,5.6944364381,5.7087450486,5.7212631013,5.7314316086,5.7398935904,5.7485316332,5.7600828468,5.7774284184,5.8027513997,5.8367998851,5.8784710098,5.924849745,5.9717170636,6.0144168379,6.0488735111,6.0725093446,6.0848324656,6.0875489987,6.0841723449,6.0792284149,6.0772543496,6.0818346303,6.094901495,6.1164522517,6.1447255593,6.1767622106,6.2091843422,6.2389835198,6.2641222398,6.2838184427,6.2984783411,6.3093411954,6.3179730049,6.3257749826,6.3336513852,6.3419191549,6.3504608942
64,5.3226231532,5.3988735579,5.4720630985,5.5384917285,5.5948366643,5.6392008536,5.6715976527,5.6938549479,5.709040875,5.7206140824,5.7315534439,5.7437094963,5.7575453397,5.7723183029,5.7866269133,5.7991449661,5.8093134734,5.8177754552,5.8264134979,5.8379647116,5.8553102831,5.8806332644,5.9146817498,5.9563528746,6.0027316097,6.0495989284,6.0922987027,6.1267553759,6.1503912094,6.1627143304,6.1654308635,6.1620542097,6.1571102797,6.1551362143,6.1597164951,6.1727833598,6.1943341165,6.222607424,6.2546440754,6.2870662069,6.3168653846,6.3420041046,6.3617003075,6.3763602058,6.3872230602,6.3958548697,6.4036568474,6.41153325,6.4198010197,6.428342759
65,5.41773334,5.4939837447,5.5671732853,5.6336019153,5.6899468512,5.7343110404,5.7667078396,5.7889651347,5.8041510619,5.8157242693,5.8266636307,5.8388196832,5.8526555265,5.8674284897,5.8817371002,5.8942551529,5.9044236602,5.912885642,5.9215236848,5.9330748984,5.95042047,5.9757434513,6.0097919367,6.0514630614,6.0978417966,6.1447091152,6.1874088895,6.2218655627,6.2455013962,6.2578245172,6.2605410503,6.2571643965,6.2522204666,6.2502464012,6.254826682,6.2678935466,6.2894443033,6.3177176109,6.3497542622,6.3821763938,6.4119755714,6.4371142914,6.4568104943,6.4714703927,6.4823332471,6.4909650565,6.4987670342,6.5066434368,6.5149112065,6.5234529458
66,5.5256266238,5.6018770285,5.6750665691,5.7414951991,5.797840135,5.8422043242,5.8746011234,5.8968584185,5.9120443457,5.9236175531,5.9345569145,5.9467129669,5.9605488103,5.9753217735,5.989630384,6.0021484367,6.012316944,6.0207789258,6.0294169686,6.0409681822,6.0583137538,6.0836367351,6.1176852205,6.1593563452,6.2057350804,6.252602399,6.2953021733,6.3297588465,6.35339468,6.365717801,6.3684343341,6.3650576803,6.3601137504,6.358139685,6.3627199657,6.3757868304,6.3973375871,6.4256108947,6.457647546,6.4900696776,6.5198688552,6.5450075752,6.5647037781,6.5793636765,6.5902265308,6.5988583403,6.606660318,6.6145367206,6.6228044903,6.6313462296
67,5.6405814635,5.7168318682,5.7900214088,5.8564500388,5.9127949746,5.9571591639,5.989555963,6.0118132582,6.0269991853,6.0385723927,6.0495117542,6.0616678066,6.07550365,6.0902766132,6.1045852236,6.1171032764,6.1272717837,6.1357337655,6.1443718082,6.1559230219,6.1732685934,6.1985915747,6.2326400601,6.2743111849,6.32068992,6.3675572387,6.410257013,6.4447136862,6.4683495197,6.4806726407,6.4833891738,6.48001252,6.47506859,6.4730945246,6.4776748054,6.4907416701,6.5122924268,6.5405657343,6.5726023857,6.6050245172,6.6348236949,6.6599624149,6.6796586178,6.6943185161,6.7051813705,6.71381318,6.7216151577,6.7294915603,6.73775933,6.7463010693
68,5.7561271846,5.8323775893,5.9055671299,5.9719957599,6.0283406958,6.072704885,6.1051016842,6.1273589793,6.1425449065,6.1541181139,6.1650574753,6.1772135278,6.1910493711,6.2058223343,6.2201309448,6.2326489975,6.2428175048,6.2512794866,6.2599175294,6.271468743,6.2888143146,6.3141372959,6.3481857813,6.389856906,6.4362356412,6.4831029598,6.5258027341,6.5602594073,6.5838952408,6.5962183618,6.5989348949,6.5955582411,6.5906143112,6.5886402458,6.5932205266,6.6062873912,6.6278381479,6.6561114555,6.6881481068,6.7205702384,6.750369416,6.775508136,6.7952043389,6.8098642373,6.8207270917,6.8293589011,6.8371608788,6.8450372814,6.8533050511,6.8618467904
69,5.8656625507,5.9419129554,6.015102496,6.0815311259,6.1378760618,6.1822402511,6.2146370502,6.2368943453,6.2520802725,6.2636534799,6.2745928413,6.2867488938,6.3005847372,6.3153577004,6.3296663108,6.3421843636,6.3523528708,6.3608148527,6.3694528954,6.3810041091,6.3983496806,6.4236726619,6.4577211473,6.4993922721,6.5457710072,6.5926383258,6.6353381002,6.6697947734,6.6934306069,6.7057537278,6.708470261,6.7050936072,6.7001496772,6.6981756118,6.7027558926,6.7158227572,6.7373735139,6.7656468215,6.7976834729,6.8301056044,6.859904782,6.885043502,6.904739705,6.9193996033,6.9302624577,6.9388942672,6.9466962449,6.9545726475,6.9628404172,6.9713821564
70,5.9631007317,6.0393511364,6.112540677,6.178969307,6.2353142428,6.2796784321,6.3120752312,6.3343325264,6.3495184535,6.3610916609,6.3720310224,6.3841870748,6.3980229182,6.4127958814,6.4271044918,6.4396225446,6.4497910519,6.4582530337,6.4668910764,6.4784422901,6.4957878616,6.521110843,6.5551593283,6.5968304531,6.6432091882,6.6900765069,6.7327762812,6.7672329544,6.7908687879,6.8031919089,6.805908442,6.8025317882,6.7975878582,6.7956137928,6.8001940736,6.8132609383,6.834811695,6.8630850025,6.8951216539,6.9275437855,6.9573429631,6.9824816831,7.002177886,7.0168377844,7.0277006387,7.0363324482,7.0441344259,7.0520108285,7.0602785982,7.0688203375
71,6.0434711649,6.1197215696,6.1929111102,6.2593397402,6.3156846761,6.3600488653,6.3924456645,6.4147029596,6.4298888868,6.4414620942,6.4524014556,6.4645575081,6.4783933514,6.4931663146,6.5074749251,6.5199929778,6.5301614851,6.5386234669,6.5472615097,6.5588127233,6.5761582949,6.6014812762,6.6355297616,6.6772008863,6.7235796215,6.7704469401,6.8131467144,6.8476033877,6.8712392211,6.8835623421,6.8862788752,6.8829022214,6.8779582915,6.8759842261,6.8805645069,6.8936313715,6.9151821282,6.9434554358,6.9754920871,7.0079142187,7.0377133963,7.0628521163,7.0825483192,7.0972082176,7.108071072,7.1167028814,7.1245048591,7.1323812617,7.1406490314,7.1491907707
72,6.1034116228,6.1796620275,6.2528515681,6.3192801981,6.375625134,6.4199893232,6.4523861224,6.4746434175,6.4898293447,6.5014025521,6.5123419135,6.524497966,6.5383338093,6.5531067725,6.567415383,6.5799334357,6.590101943,6.5985639248,6.6072019676,6.6187531812,6.6360987528,6.6614217341,6.6954702195,6.7371413442,6.7835200794,6.830387398,6.8730871723,6.9075438456,6.931179679,6.9435028,6.9462193331,6.9428426793,6.9378987494,6.935924684,6.9405049648,6.9535718294,6.9751225861,7.0033958937,7.035432545,7.0678546766,7.0976538542,7.1227925742,7.1424887771,7.1571486755,7.1680115299,7.1766433393,7.184445317,7.1923217196,7.2005894893,7.2091312286
73,6.1414936825,6.2177440871,6.2909336277,6.3573622577,6.4137071936,6.4580713829,6.490468182,6.5127254771,6.5279114043,6.5394846117,6.5504239731,6.5625800256,6.576415869,6.5911888322,6.6054974426,6.6180154954,6.6281840026,6.6366459844,6.6452840272,6.6568352408,6.6741808124,6.6995037937,6.7335522791,6.7752234038,6.821602139,6.8684694576,6.9111692319,6.9456259052,6.9692617386,6.9815848596,6.9843013927,6.9809247389,6.975980809,6.9740067436,6.9785870244,6.991653889,7.0132046457,7.0414779533,7.0735146046,7.1059367362,7.1357359138,7.1608746338,7.1805708368,7.1952307351,7.2060935895,7.2147253989,7.2225273766,7.2304037792,7.2386715489,7.2472132882
74,6.1583406453,6.23459105,6.3077805906,6.3742092206,6.4305541564,6.4749183457,6.5073151448,6.52957244,6.5447583671,6.5563315745,6.567270936,6.5794269884,6.5932628318,6.608035795,6.6223444054,6.6348624582,6.6450309655,6.6534929473,6.66213099,6.6736822037,6.6910277752,6.7163507566,6.7503992419,6.7920703667,6.8384491018,6.8853164205,6.9280161948,6.962472868,6.9861087015,6.9984318225,7.0011483556,6.9977717018,6.9928277718,6.9908537065,6.9954339872,7.0085008519,7.0300516086,7.0583249161,7.0903615675,7.1227836991,7.1525828767,7.1777215967,7.1974177996,7.212077698,7.2229405523,7.2315723618,7.2393743395,7.2472507421,7.2555185118,7.2640602511
75,6.1565170172,6.2327674219,6.3059569625,6.3723855925,6.4287305283,6.4730947176,6.5054915167,6.5277488119,6.542934739,6.5545079464,6.5654473079,6.5776033603,6.5914392037,6.6062121669,6.6205207773,6.6330388301,6.6432073374,6.6516693192,6.6603073619,6.6718585756,6.6892041471,6.7145271285,6.7485756138,6.7902467386,6.8366254737,6.8834927924,6.9261925667,6.9606492399,6.9842850734,6.9966081944,6.9993247275,6.9959480737,6.9910041437,6.9890300784,6.9936103591,7.0066772238,7.0282279805,7.056501288,7.0885379394,7.120960071,7.1507592486,7.1758979686,7.1955941715,7.2102540699,7.2211169242,7.2297487337,7.2375507114,7.245427114,7.2536948837,7.262236623
76,6.1400092553,6.2162596599,6.2894492005,6.3558778305,6.4122227664,6.4565869557,6.4889837548,6.5112410499,6.5264269771,6.5380001845,6.5489395459,6.5610955984,6.5749314418,6.589704405,6.6040130154,6.6165310682,6.6266995754,6.6351615572,6.6437996,6.6553508137,6.6726963852,6.6980193665,6.7320678519,6.7737389766,6.8201177118,6.8669850304,6.9096848047,6.944141478,6.9677773114,6.9801004324,6.9828169655,6.9794403117,6.9744963818,6.9725223164,6.9771025972,6.9901694618,7.0117202185,7.0399935261,7.0720301774,7.104452309,7.1342514866,7.1593902066,7.1790864096,7.1937463079,7.2046091623,7.2132409717,7.2210429494,7.228919352,7.2371871217,7.245728861
77,6.1130768168,6.1893272215,6.2625167621,6.3289453921,6.385290328,6.4296545172,6.4620513164,6.4843086115,6.4994945387,6.5110677461,6.5220071075,6.5341631599,6.5479990033,6.5627719665,6.577080577,6.5895986297,6.599767137,6.6082291188,6.6168671616,6.6284183752,6.6457639468,6.6710869281,6.7051354135,6.7468065382,6.7931852734,6.840052592,6.8827523663,6.9172090395,6.940844873,6.953167994,6.9558845271,6.9525078733,6.9475639433,6.945589878,6.9501701587,6.9632370234,6.9847877801,7.0130610877,7.045097739,7.0775198706,7.1073190482,7.1324577682,7.1521539711,7.1668138695,7.1776767238,7.1863085333,7.194110511,7.2019869136,7.2102546833,7.2187964226
78,6.0799000191,6.1561504238,6.2293399644,6.2957685944,6.3521135302,6.3964777195,6.4288745186,6.4511318138,6.4663177409,6.4778909483,6.4888303098,6.5009863622,6.5148222056,6.5295951688,6.5439037792,6.556421832,6.5665903392,6.5750523211,6.5836903638,6.5952415775,6.612587149,6.6379101303,6.6719586157,6.7136297405,6.7600084756,6.8068757943,6.8495755686,6.8840322418,6.9076680753,6.9199911963,6.9227077294,6.9193310756,6.9143871456,6.9124130802,6.916993361,6.9300602257,6.9516109824,6.9798842899,7.0119209413,7.0443430728,7.0741422505,7.0992809704,7.1189771734,7.1336370717,7.1444999261,7.1531317356,7.1609337133,7.1688101159,7.1770778856,7.1856196248
